image,label 
img0,Rd1
img1,xb3
img2,e4
img3,Nc6
img4,Rh5
img5,Bxd4
img6,xb6
img7,Kxb3
img8,Kxg3
img9,Ke3
img10,f4
img11,Qe8
img12,e7+
img13,Rg5
img14,f6
img15,Rxb7
img16,Nxc6
img17,Rg3
img18,Kxe4
img19,e6
img20,Rxf8
img21,Kg7
img22,Rxh3
img23,Kd1
img24,Ke2
img25,O-O
img26,Ne2
img27,Kh7
img28,Nxe5
img29,Kf6
img30,h5
img31,Bg6
img32,Qd4
img33,Be4
img34,Ng3
img35,Kd6
img36,Rxf2
img37,Kh3
img38,c6
img39,Nf2
img40,h6
img41,Kb6
img42,Qg7
img43,Rg4
img44,Kg8
img45,Kc8
img46,Rxd2
img47,Kd2
img48,Qe6+
img49,Qc4
img50,b5
img51,Bb3
img52,Ka4
img53,f5
img54,Nxb5
img55,Rd1
img56,xf3
img57,Ka7
img58,h5
img59,O-O-O
img60,Kd4
img61,Rxg4+
img62,xg4
img63,Bxf3
img64,Rxg3
img65,Ke2
img66,xc5
img67,Nf5
img68,O-O-O
img69,Na5
img70,Rxh6
img71,Rxb5
img72,Kh6
img73,Kd7
img74,Nc7
img75,Kg6
img76,Nxh7
img77,Rxe5
img78,xf2+
img79,Nf4
img80,Bd1
img81,h5
img82,Ke3
img83,O-O
img84,Qd7
img85,Be4
img86,Bd6
img87,Ra2+
img88,b4
img89,Kh8
img90,d6
img91,Ng4
img92,Ne1
img93,Kg7
img94,f6
img95,Kf7
img96,Kf1
img97,Bb3
img98,Nc2
img99,h2
img100,Rd2
img101,a6
img102,Rh1
img103,Rc5
img104,Kb1
img105,Nxf3+
img106,Rf8
img107,Re8
img108,Qb5
img109,Kb7
img110,Nf8
img111,Rb7
img112,Qf4
img113,Bg4
img114,Nd5
img115,Kh1
img116,Bxa7
img117,g5+
img118,Nf5
img119,Kxd2
img120,Bxc5
img121,Ra8
img122,Kh1
img123,Ke1
img124,f4
img125,Ng2
img126,xe4
img127,Nxe2
img128,Rh8
img129,Bf2
img130,Qc2
img131,Kb8
img132,Rc8
img133,Kb8
img134,Kf2
img135,Ng4
img136,Qc1
img137,Ng4
img138,Nf4
img139,Qxf4
img140,Rd1
img141,h5
img142,f4
img143,Be1
img144,d5
img145,Qa1
img146,Rxd1
img147,Bxe1+
img148,Kf7
img149,Kg7
img150,Re6
img151,Rc8
img152,Rf1
img153,Re1
img154,Qc7
img155,Qc6
img156,Kf3
img157,Nh4
img158,Be6
img159,Qf7
img160,f5
img161,Qf6
img162,Bb5
img163,Rf2
img164,Nd5
img165,Bxc3+
img166,Qg6
img167,Re1
img168,Ke6
img169,Bg5
img170,Rxb2
img171,Kg3
img172,g5
img173,g3
img174,Kxf8
img175,xd4
img176,xe4
img177,Nf6
img178,h5
img179,Qd8
img180,Rh5+
img181,Rc3
img182,Qd4
img183,Qh4
img184,Rxe7
img185,b4
img186,Ne4
img187,Bd8
img188,O-O-O
img189,Kf3
img190,Kg2
img191,Qb5
img192,Re8
img193,g5+
img194,Be7
img195,Re8
img196,Kc6
img197,b6
img198,Qf4
img199,h5
img200,Rb1
img201,Qc8
img202,Kg1
img203,Rxf4
img204,Qf4
img205,Bd4
img206,Ne2
img207,Qd6
img208,Kf8
img209,Qg6
img210,Kf6
img211,f5
img212,Kc7
img213,Qxe6
img214,Rh1
img215,Rf5
img216,Kxe8
img217,Qd2
img218,Rg7
img219,Bxf3
img220,Ke5
img221,Rxd5
img222,Qf3
img223,Kg1
img224,d5
img225,Kb2
img226,Nc5
img227,Rac1
img228,Qh4
img229,Kf3
img230,g6
img231,Rb1
img232,Ka6
img233,Rxh6
img234,d5
img235,xb5
img236,Qc8
img237,Qf6
img238,Kg1
img239,Ne4
img240,Re5
img241,Kd8
img242,Nc6
img243,Nxe5
img244,Ke4
img245,Nd7
img246,Kd7
img247,Qg4
img248,g4
img249,Bxh7
img250,Be3
img251,Ba7
img252,Ke7
img253,Qe7
img254,Rf1
img255,Kf7
img256,Qf2
img257,Kf2
img258,Nxe5
img259,Kd6
img260,f6
img261,Ra7
img262,Kg7
img263,Kd7
img264,Kf5
img265,Ka1
img266,Rh3
img267,Nxc2
img268,Rh8
img269,Nxf6
img270,Kb6
img271,Rh6
img272,Rb1
img273,Kb5
img274,g5
img275,a3
img276,Kd6
img277,Nc6
img278,Qe7
img279,Kb8
img280,Na3
img281,Bg4
img282,Re6
img283,Bc7
img284,Rb8
img285,Bf4
img286,Kb8
img287,Nxe5
img288,Kg6
img289,Qxd6
img290,Bxf5
img291,Qh5
img292,Qb6
img293,Qe2
img294,xd3
img295,Rc8
img296,Kf2
img297,b6
img298,Bb3
img299,e5
img300,d5
img301,Nxc7
img302,Ng3
img303,Na3
img304,d5
img305,Rb8
img306,xd4
img307,Qc7
img308,Ka6
img309,f5
img310,e4
img311,Qe4
img312,Ng5
img313,Qxc2
img314,Ra2
img315,f5
img316,Kh2
img317,Rh2
img318,Nxe5
img319,g4
img320,Qf6
img321,Qh8
img322,Rd1
img323,Ng6
img324,Kc2
img325,Qb4
img326,Ke7
img327,Qe2+
img328,Qc7
img329,xe4
img330,b6
img331,Kc3
img332,Rd8
img333,c5
img334,Ng4
img335,Kf7
img336,Kd1
img337,g6
img338,Kxe6
img339,Bc8
img340,Qf5
img341,h6
img342,Qxe7
img343,Kh7
img344,Re2
img345,Bb4
img346,Kb7
img347,Kb4
img348,Ke2
img349,Rab1
img350,Nxe3
img351,Kxh5
img352,Qd1
img353,Rxd8
img354,Bxg4
img355,Qg3
img356,Rxe2
img357,Ke3
img358,Nb1
img359,Qf6
img360,Re1
img361,e5
img362,Rc7
img363,Re8
img364,Ke7
img365,Qe8
img366,f5
img367,Bxb5
img368,Rd1
img369,Ra5
img370,Rxd8
img371,Re8
img372,Ra3
img373,Kc8
img374,Kg6
img375,xf5
img376,Ne8+
img377,Rd1
img378,Kxd4
img379,Kc4
img380,Ng2
img381,Rxg2+
img382,Rh2
img383,Nb4
img384,Rh8
img385,Kc8
img386,Kh2
img387,Kh7
img388,h4
img389,Qe5
img390,Kh1
img391,a1=Q
img392,Kb6
img393,Nxc8
img394,a6
img395,Rxc1
img396,Qd6
img397,Bd3
img398,Kxb7
img399,Bf4
img400,Nd5
img401,Ke7
img402,Qd7
img403,Nxd4
img404,Kf7
img405,Kc1
img406,Ra2
img407,b5
img408,Ke6
img409,Kf8
img410,Bxh3
img411,xd5
img412,Kf3
img413,c4
img414,Qf1
img415,Rxe6
img416,Qe2
img417,h4
img418,h1=Q
img419,xe6
img420,c4
img421,Bb3
img422,Ne8
img423,Rxd2
img424,Bg3
img425,Bxe7
img426,xc2
img427,Nh4
img428,f5
img429,Kh8
img430,Rxg7
img431,Kg7
img432,Ke3
img433,Nf3+
img434,Bxf5
img435,Re4
img436,Nc4
img437,Rf1
img438,Nd3
img439,Ra1+
img440,Qc7
img441,Nxf6
img442,xg4
img443,Qe6
img444,a5
img445,Nc4
img446,Bd6
img447,Bc1
img448,Rc2
img449,Ke2
img450,Bxe5
img451,Rd2
img452,Rb2
img453,Nf1
img454,Rf4
img455,Rc1
img456,Rxg4
img457,Nc3+
img458,Qd3
img459,Kc1
img460,Rc8
img461,Rxe1+
img462,Ra4
img463,Bxd3
img464,e5
img465,Be7
img466,Rf4
img467,Nb2
img468,Ke4
img469,Bd5
img470,Nh7
img471,Qa5
img472,Qc4+
img473,e5
img474,Rh3
img475,Qb3
img476,Ke4
img477,Ne6
img478,a3
img479,Rxe6
img480,Rb8
img481,f5
img482,Qxc6
img483,Kf7
img484,Kc7
img485,g4
img486,Qc4
img487,Kf4
img488,Kf8
img489,Be5
img490,xb3
img491,Kb6
img492,Kd8
img493,Kg6
img494,Rc8
img495,Re8
img496,Bxb3
img497,Qxc2
img498,Qh4
img499,a3
img500,Kg2
img501,Rd1
img502,Nd7
img503,Bh2
img504,Qh5
img505,xg3
img506,xe4
img507,Nd4
img508,Kb4
img509,Ke1
img510,Kc3
img511,d5
img512,Kb5
img513,Bxc5
img514,Qg1
img515,Qd2
img516,g5
img517,f3
img518,Bxh6
img519,Qb5
img520,Ne5
img521,Bxh6
img522,Qd5
img523,Ke4
img524,Qd4
img525,Kb1
img526,Nd7
img527,Qd4
img528,Nxg4
img529,Ra7+
img530,Bd7
img531,Qxf5
img532,Rh4
img533,Kh2
img534,Kh7
img535,e4
img536,Ba6
img537,Rc7
img538,Nf4
img539,Kb6
img540,Kf6
img541,e5
img542,h6
img543,g3
img544,f3
img545,Kh2
img546,Re8
img547,Rf8+
img548,h4
img549,Bc4
img550,Kb1
img551,Nc6
img552,Kc2
img553,Rd4
img554,Qb6
img555,Bd6
img556,Ng3
img557,Rxe4
img558,Bg3
img559,Bh8
img560,Nxh4
img561,Ka4
img562,Bd5
img563,c5
img564,Kd4
img565,Qe7
img566,d4
img567,g6
img568,e6
img569,Kxe5
img570,Rh1
img571,Ke6
img572,xf5+
img573,Qb8
img574,Kd3
img575,e2
img576,b3
img577,f5
img578,e4
img579,g3
img580,Bf3
img581,Bh4
img582,xe4
img583,Nb4
img584,Kd2
img585,Kc5
img586,O-O
img587,Kxg2
img588,f5
img589,Qf4
img590,Bd6
img591,Nxb5
img592,Rd1
img593,f4
img594,b5
img595,Kg7
img596,Rb3
img597,Bxh8
img598,Kf3
img599,h6
img600,Ra1
img601,Ke2
img602,Qd6
img603,Re5
img604,Rf1
img605,d5
img606,Bg5
img607,xc2
img608,Bxc6
img609,Be6
img610,Nxb5
img611,Kxa3
img612,Bh4
img613,Kg4
img614,d5
img615,Rg7
img616,Nc6
img617,Kxf3
img618,Bxf6
img619,Kh1
img620,Rh3
img621,Nh4
img622,d4
img623,Be2
img624,Kd5
img625,Rxc3
img626,Qe4
img627,Re8
img628,Be2
img629,g3
img630,Rb8
img631,Bxd6
img632,Bd2
img633,Qc7
img634,Kf2
img635,Rd1
img636,Bd5+
img637,Kh6
img638,Bg7
img639,Ke5
img640,Rd2
img641,Qxa6
img642,Bf7
img643,Kxb3
img644,Kg4
img645,Rf7
img646,Nh4
img647,Kg4
img648,Kc2
img649,Qc7
img650,d6
img651,Ra1
img652,Ne5+
img653,e5
img654,xe3
img655,Rf1
img656,Rd5+
img657,c6
img658,Kc3
img659,Rd1
img660,Ne6
img661,d6
img662,g5
img663,Qb4
img664,Qh4
img665,Kf2
img666,Rg7
img667,a4
img668,Rg7
img669,Ne2
img670,c6
img671,Ng4+
img672,Qxf3
img673,Rc1
img674,Bc6
img675,Ke2
img676,Kd1
img677,Kg5
img678,Kh7
img679,xc4
img680,Nxc7
img681,Kxe3
img682,Rxe5
img683,d3
img684,Rg7
img685,O-O
img686,Qf5
img687,Qc2
img688,Nd7
img689,Kg5
img690,Kg7
img691,Ng6
img692,Rb1
img693,Kf4
img694,a3
img695,O-O
img696,Rb8
img697,Qc7
img698,Bxb2+
img699,Ke2
img700,Rd1+
img701,Rxe7
img702,Ke1
img703,Ke3
img704,Qxc7
img705,Kh6
img706,Rd7
img707,Rd7
img708,Kf3
img709,c4
img710,Rac1
img711,xc6
img712,Rf6
img713,Rc8
img714,d7
img715,Rxh6
img716,Rg7
img717,Re1
img718,Kf1
img719,Ke6
img720,O-O
img721,Kd7
img722,Nxe5
img723,Bxh4
img724,Kb1
img725,Nd3
img726,c7
img727,xa3
img728,Nf5
img729,Kc1
img730,Ng1
img731,Rd3+
img732,xa5
img733,Rxf7
img734,Kc1
img735,Ne5
img736,Kxf8
img737,Nd3
img738,Re1+
img739,Kh7
img740,Kb6
img741,b4
img742,Kg1
img743,Ka2
img744,Kf1
img745,Ba4
img746,a5
img747,Kc8
img748,Qb4
img749,Qd7
img750,d5
img751,Rf1
img752,Ra7
img753,Rc1
img754,Ke1
img755,Rd8
img756,Rxg5
img757,Kh5
img758,Nxe4
img759,Kd4
img760,Bc2
img761,Kd7
img762,Ne5
img763,Rf8
img764,Kf1
img765,Kg2
img766,Nxe3
img767,Kd4
img768,xb3
img769,Qc7
img770,Kg2
img771,Kg3
img772,Be4
img773,Nb5
img774,Kf3
img775,Rf2
img776,Kf3
img777,Rg2
img778,Bf6
img779,xc4
img780,b3
img781,g6
img782,Bh6
img783,Be7
img784,Nf4
img785,Kb7
img786,a3
img787,Kg8
img788,Be3
img789,Rd1
img790,Qc3
img791,Bc1
img792,Nf7
img793,Rd8+
img794,Bxd4
img795,Kc1
img796,Rf6
img797,Kxh1
img798,f3
img799,xb4
img800,Kf1
img801,Bxe4
img802,Nf6
img803,Ra8
img804,Qe6
img805,Nb7
img806,f5
img807,Rxf1+
img808,Kg8
img809,Qd3
img810,g6
img811,Bb7
img812,Kb5
img813,h4
img814,Qa4
img815,Kd7
img816,Kc3
img817,g5
img818,Qe4
img819,Be6+
img820,Ra7
img821,Kf4
img822,Rxa8
img823,Bh4+
img824,Qxd6
img825,Qxd5
img826,Kxg5
img827,Be6
img828,Rc7
img829,Bd4
img830,Nxd4
img831,Nf1
img832,Rh8
img833,Rxd8
img834,Rh3
img835,Kg2
img836,Qg1
img837,e4
img838,d4
img839,Qe2
img840,Bxf2
img841,Rh7+
img842,Kh7
img843,b3
img844,Kf1
img845,Rc8
img846,Rb7
img847,Kxf1
img848,Kh3
img849,b3
img850,g4
img851,Bf6
img852,Rac8
img853,h6
img854,Kh2
img855,f4
img856,Kd3
img857,h4
img858,Kg5
img859,Rf8+
img860,Kd1
img861,Qa8
img862,xf5
img863,a3
img864,Ra6
img865,Rd2
img866,Rxf8
img867,Kf1
img868,Kd1
img869,xf5
img870,Bd2
img871,Qxc7
img872,h5
img873,Rb8
img874,Kd8
img875,xb3
img876,Nc4
img877,Rb7
img878,Bb6
img879,Qb1+
img880,Ka3
img881,Rxe8
img882,Bxc4
img883,Ke4
img884,Bd5
img885,Rf5
img886,Kxb5
img887,Nb4
img888,f3
img889,Bd3
img890,Rg7
img891,Rb2
img892,Bd2
img893,Ne5
img894,xe4
img895,Qxb5
img896,Rb7
img897,d4
img898,xd5
img899,Kd1
img900,Kf8
img901,Ka8
img902,Nxd6
img903,Ke6
img904,b6
img905,Rg7
img906,Be6
img907,Kf8
img908,Bxg5
img909,Re8
img910,h3
img911,Kg3
img912,Qb3
img913,b5
img914,Bxe4
img915,Kxh5
img916,d5
img917,Nc6
img918,Kc3
img919,Rf1
img920,Rd8
img921,Nf3+
img922,Bc6
img923,h5
img924,Qe5
img925,Rg1
img926,Qc8+
img927,Be4
img928,Rd8
img929,h3
img930,f4
img931,Ke3
img932,Rxe3
img933,Qb4
img934,Ka6
img935,Nc4
img936,Raxb8
img937,xd4
img938,Rc6
img939,Ra1
img940,Qd1
img941,a6
img942,Kc7
img943,Kh6
img944,xg5
img945,Nd4
img946,Kg2
img947,Qd4
img948,Kf2
img949,Kh8
img950,h6
img951,Kxh8
img952,c4
img953,e5
img954,Kf6
img955,Rh5
img956,Kb2
img957,Ke4
img958,Kh4
img959,Kg8
img960,f5
img961,xg6
img962,Rf1
img963,h3
img964,Rc3
img965,Bxf8
img966,g5
img967,Ne4
img968,Ng4+
img969,d5
img970,Bg3
img971,Nc8+
img972,Nf3
img973,Bxd8
img974,Ne8
img975,h3
img976,Ba7
img977,Bg2
img978,a5
img979,Kc5
img980,Rd6
img981,Bd6
img982,h6
img983,O-O
img984,f5
img985,Kxf7
img986,Rd1
img987,Kf6
img988,Kg6
img989,Rd1+
img990,Nf4
img991,Bxf6
img992,Ke2
img993,Rd8
img994,f6
img995,Ke7
img996,Bc8
img997,Kg2
img998,Bxd6
img999,a3
img1000,Qe2
img1001,xf6
img1002,Rd6
img1003,Ke4
img1004,Kf2
img1005,Nxc4
img1006,Kd7
img1007,Kh2
img1008,Qg1
img1009,Qxd5
img1010,Bd3
img1011,Ke3
img1012,Kh8
img1013,xf3
img1014,Bf5
img1015,Rg8
img1016,Kh7
img1017,Qa7
img1018,b6
img1019,Rxh3
img1020,Ke8
img1021,Bc3
img1022,Kg2
img1023,Ng4
img1024,f6
img1025,Kf5
img1026,Bg7
img1027,Kh8
img1028,Nc6
img1029,Qxc7
img1030,Kxe4
img1031,Rf3
img1032,Qc2
img1033,b3
img1034,Ne7
img1035,g4
img1036,Be4
img1037,Kxa8
img1038,Rg3
img1039,Ke3
img1040,g5
img1041,Rh4+
img1042,Kb2
img1043,Kg8
img1044,Rf8
img1045,a6
img1046,b5
img1047,Rg1
img1048,Ra2
img1049,Nf5
img1050,h5
img1051,Rg2
img1052,Kxh7
img1053,h5
img1054,Kh2
img1055,Nxe5
img1056,Bxg6
img1057,Re8
img1058,Kg2
img1059,d6
img1060,f5
img1061,Kg3
img1062,Kg5
img1063,Ne5
img1064,Kc6
img1065,Ne2+
img1066,Nxc4
img1067,Nc7
img1068,Bd3
img1069,Kd4
img1070,Bb3
img1071,Kb5
img1072,g5
img1073,Bf4
img1074,xd5
img1075,Rf7
img1076,Kh8
img1077,Bg3
img1078,Kf2
img1079,e6
img1080,Rg1
img1081,Qd7
img1082,Ba4
img1083,Kc8
img1084,Ka6
img1085,Ra7
img1086,h6
img1087,Rc8
img1088,Kh7
img1089,Rd5+
img1090,Kg5
img1091,xd5
img1092,e5
img1093,Kc4
img1094,Kc7
img1095,Rh5+
img1096,Rxc8
img1097,Kd3
img1098,Qe7
img1099,Bb7
img1100,Nd3
img1101,b3
img1102,Ke8
img1103,Ne3
img1104,Nxf4
img1105,Qd3
img1106,Nc7
img1107,Be5
img1108,h6
img1109,Bc8
img1110,Rxf7
img1111,Rg4
img1112,Rc2
img1113,Bxd3
img1114,Ke2
img1115,a5
img1116,Rf1
img1117,Nf6
img1118,Nc3
img1119,Kg7
img1120,xe3
img1121,Ka5
img1122,Bf3
img1123,h3
img1124,Kb7
img1125,Rxe4
img1126,f6+
img1127,Bd1
img1128,Qxf8
img1129,Kxh2
img1130,Rd4
img1131,b3
img1132,Nd3
img1133,Kb2
img1134,Rxa5
img1135,Ra7
img1136,Rc1
img1137,Qe2
img1138,Ka2
img1139,Ka7
img1140,g4
img1141,Bb7
img1142,Bc2+
img1143,Kg8
img1144,c4
img1145,Kf1
img1146,Rxd3
img1147,b3
img1148,xb4
img1149,Rxd8+
img1150,Rxa7
img1151,Qxb4
img1152,Rf1+
img1153,Qxd6
img1154,Kxb3
img1155,Ke7
img1156,Rad8
img1157,Kc2
img1158,Rxa1
img1159,Be7
img1160,Kg5
img1161,Rd1
img1162,Qxd5
img1163,Qd2
img1164,Be7
img1165,Nf6
img1166,Qd8
img1167,Kf1
img1168,Qd6
img1169,Kg5
img1170,Bh4
img1171,Qg5
img1172,xc4
img1173,Bxg7+
img1174,g3
img1175,f3
img1176,f5
img1177,Bd5
img1178,Qe3+
img1179,Re1
img1180,Kh7
img1181,Nf3
img1182,Rc6
img1183,xf4
img1184,Bxc3+
img1185,g3
img1186,Kf2
img1187,Ng8
img1188,Nc7
img1189,a3
img1190,Kc4
img1191,Nc3+
img1192,Kh3
img1193,Kg1
img1194,Qb7
img1195,Bd7
img1196,Ne8
img1197,Bg7
img1198,Bxc3+
img1199,Kd2
img1200,b5
img1201,Rc7
img1202,Kc2
img1203,g5
img1204,Kg4
img1205,xe7
img1206,Rc7
img1207,Ng3
img1208,h4
img1209,Kd6
img1210,Qb3
img1211,Rf8
img1212,Qd3+
img1213,e5
img1214,xa5
img1215,Rd7
img1216,f4
img1217,Ke5
img1218,Rc7
img1219,Ka4
img1220,Rf8
img1221,Kf1
img1222,Be2
img1223,Nc7
img1224,O-O
img1225,Rf8
img1226,O-O
img1227,Bg5
img1228,Ke2
img1229,Nf3
img1230,Rf8
img1231,Ke7
img1232,Qb6
img1233,g6
img1234,Kh1
img1235,Kh4
img1236,Nf6
img1237,Rf7
img1238,g4
img1239,Rc8
img1240,Rf1
img1241,Kc6
img1242,Nf6
img1243,Qe6+
img1244,Bc3
img1245,f6
img1246,Kxc6
img1247,Kxf8
img1248,Kf2
img1249,Re5
img1250,Kxe3
img1251,Ne4
img1252,Qxe4
img1253,Qe6
img1254,Nc4
img1255,xf3
img1256,f5
img1257,Bxf7
img1258,Rxc4
img1259,Kxd6
img1260,Kxg2
img1261,Rxc5
img1262,Kf1
img1263,Re1
img1264,Kc2
img1265,Bf6
img1266,c3
img1267,Bc7
img1268,Ra8+
img1269,Be3
img1270,Rxh2
img1271,f4
img1272,Qa2
img1273,Qxd6
img1274,h6
img1275,xf5
img1276,Be3
img1277,Nd5
img1278,Nxf3+
img1279,b4
img1280,Rg7
img1281,Kd2
img1282,Bc4
img1283,Kb3
img1284,d3+
img1285,Bd4
img1286,Qd7
img1287,Bb7
img1288,g6
img1289,b5
img1290,xd5
img1291,Kd7
img1292,Kb6
img1293,Ng6
img1294,Bg2
img1295,xb5
img1296,Qxd2
img1297,Rc7
img1298,Nxe5
img1299,Nxf1
img1300,xc4
img1301,Kg3
img1302,Kg7
img1303,Ng4
img1304,Ka8
img1305,Ne4
img1306,Kd7
img1307,xg4
img1308,Nxb2
img1309,Re1
img1310,Rxf6
img1311,Kf8
img1312,Kd2
img1313,Ke7
img1314,f3
img1315,Qf4
img1316,Nh2
img1317,Nc3
img1318,d4
img1319,Qd6
img1320,Kd8
img1321,xc5
img1322,xe6
img1323,Bb7
img1324,b5
img1325,Rxd7
img1326,b5
img1327,Kb3
img1328,Rc1
img1329,Rf5+
img1330,Kh6
img1331,c6
img1332,Qd3
img1333,xd4
img1334,Qd4
img1335,Qe6
img1336,Nxb4
img1337,Rc1+
img1338,Rg7
img1339,g6
img1340,Rxf1+
img1341,xg3
img1342,Kf5
img1343,Kf8
img1344,Rg2
img1345,f6
img1346,c4
img1347,Re2
img1348,Qg5
img1349,c5
img1350,Rd1
img1351,h4
img1352,Qa6
img1353,Kg1
img1354,Kf4
img1355,a4
img1356,Na6
img1357,g3
img1358,a7
img1359,a3
img1360,Kc8
img1361,Ke5
img1362,Bxd6
img1363,Nf6
img1364,Kh5
img1365,Bg1
img1366,Qxd5
img1367,e5
img1368,g4
img1369,Rg1
img1370,Qc8+
img1371,Kh7
img1372,Bf4
img1373,Qf5
img1374,a2
img1375,Rxd4
img1376,Qb5
img1377,Rg8
img1378,Ra1
img1379,Bb8
img1380,Kd4
img1381,Bxa6
img1382,a5
img1383,Qc5
img1384,Kxd2
img1385,Nc4
img1386,Kf5
img1387,Kg2
img1388,Qxe5
img1389,Bxc5
img1390,Kc4
img1391,Nf1
img1392,Rg1
img1393,Be4
img1394,Rc8
img1395,Kxh7
img1396,Kf7
img1397,Rb1
img1398,O-O
img1399,Kg7
img1400,Kg1
img1401,Bb3
img1402,xb5
img1403,g6
img1404,Nxe2
img1405,Qb6
img1406,Bd6
img1407,Rf8+
img1408,Kg4
img1409,Qf7+
img1410,Ra8
img1411,Rd1
img1412,f6
img1413,e6
img1414,Kg1
img1415,xa3
img1416,Qc7
img1417,Be6
img1418,Nxe5
img1419,Rf4
img1420,Kh7
img1421,h5
img1422,Rc6+
img1423,Rh3
img1424,Qe7
img1425,Rf4
img1426,Rxb6
img1427,Bd6
img1428,Qd8
img1429,g5
img1430,Rh8
img1431,xd4
img1432,Bh4
img1433,Rd2
img1434,Kb7
img1435,Kf1
img1436,xb4
img1437,b5
img1438,Ke6
img1439,Bg3
img1440,Kg8
img1441,Qb6
img1442,Ka8
img1443,g5+
img1444,Rh2
img1445,Rf8
img1446,xe4
img1447,Kc2
img1448,Rd8
img1449,Qxe6
img1450,Bxa6
img1451,Nxe4
img1452,Qxb2
img1453,f6
img1454,Bxa6
img1455,Ka4
img1456,f6
img1457,Nd2
img1458,Bxa6
img1459,Rad8
img1460,f6
img1461,xb6
img1462,Bxa6
img1463,f6
img1464,Ra8
img1465,Bxa6
img1466,Qb6
img1467,Kf6
img1468,xg3
img1469,Qf4
img1470,Nxc8
img1471,Rxf6
img1472,Rg1
img1473,Rg7
img1474,Qd2
img1475,Kg2
img1476,Kh2
img1477,e2
img1478,Kd7
img1479,Bd7
img1480,Ne7
img1481,Kd2
img1482,b4
img1483,a4
img1484,Qf4
img1485,Ne7
img1486,Nh2
img1487,Rd3
img1488,Bh4
img1489,Qg6
img1490,h5
img1491,Rg8
img1492,xb4
img1493,c4
img1494,Qc7
img1495,Nxe5
img1496,xe4
img1497,xd4
img1498,Bxc6
img1499,Rb6
img1500,Kg8
img1501,Rd2
img1502,Qxb3
img1503,Nxh8
img1504,Bxf3
img1505,Bxd7
img1506,Rc8
img1507,Rxe8
img1508,Qh5
img1509,Qc6
img1510,Nd3
img1511,Qg4
img1512,d5
img1513,Bh4
img1514,Nc5
img1515,Rd8
img1516,Bg7
img1517,Qb6
img1518,xe3
img1519,Rac1
img1520,Kb2
img1521,Kf8
img1522,Kh4
img1523,xa4
img1524,O-O
img1525,Kf5
img1526,c6
img1527,Ng5
img1528,Ba5
img1529,Re3
img1530,Kg3
img1531,Kb3+
img1532,Qb7
img1533,Nxd5
img1534,Ne3
img1535,Qb6
img1536,Qe1
img1537,Kc5
img1538,Kb7
img1539,Kf5
img1540,f5
img1541,Qc7
img1542,Kf1
img1543,Rf7
img1544,Kh2
img1545,b4
img1546,xg5
img1547,Qa2
img1548,Bxe5
img1549,Qxh1
img1550,b3
img1551,a5
img1552,Rd8+
img1553,Rxa6
img1554,Nxe5
img1555,Bc8
img1556,Kd3
img1557,Qxf6
img1558,Be6
img1559,Nxd3
img1560,Bc4
img1561,Bc1
img1562,Ng3
img1563,Qd4
img1564,Nf5
img1565,Kxf1
img1566,Kf5
img1567,b4
img1568,Rf3
img1569,Bxc5
img1570,Qxh6
img1571,Rb1+
img1572,Rg2
img1573,Ng3
img1574,O-O
img1575,Qg3
img1576,Qc5
img1577,a4
img1578,Bd1
img1579,Rxg1+
img1580,Kf6
img1581,Nd5
img1582,g5
img1583,Ng3
img1584,Be4
img1585,Qc5
img1586,Rxc8
img1587,Kc4
img1588,Bf6
img1589,Kg2
img1590,Qf6
img1591,Re5
img1592,Rxd8
img1593,Kb4
img1594,Rd3
img1595,Rd2
img1596,Rxe5
img1597,Qxe5
img1598,Nd5
img1599,Qb4+
img1600,Kf2
img1601,Kf4
img1602,Qd7
img1603,Rd8
img1604,Bb2
img1605,Kc4
img1606,f4
img1607,b4
img1608,Kd7
img1609,Bxd5+
img1610,Kh8
img1611,Rg5
img1612,Rac1
img1613,Kc6
img1614,xf5
img1615,a3
img1616,g4
img1617,Kc8
img1618,Kf8
img1619,Bxe4
img1620,Kxh6
img1621,f6
img1622,Kh1
img1623,Ng4
img1624,h5
img1625,Ke2
img1626,Bc3
img1627,Ka7
img1628,Rd3+
img1629,Kf6
img1630,Nh2
img1631,Qd7
img1632,g3
img1633,Qxb5
img1634,g3
img1635,Bf2
img1636,Bc4
img1637,Kb6
img1638,Qf6
img1639,Rh8
img1640,Re1
img1641,c3
img1642,Re1
img1643,Qxf3
img1644,Ke2
img1645,Kf3
img1646,xg3
img1647,Qb2
img1648,Nh4
img1649,e5
img1650,Re2
img1651,Kg1
img1652,Ra3
img1653,xc3
img1654,Qb8
img1655,xf3
img1656,Kxe3
img1657,h5+
img1658,Nf6
img1659,h5
img1660,g5
img1661,Nb5
img1662,Kh8
img1663,Kf4
img1664,Kh7
img1665,h2
img1666,d4
img1667,Ke7
img1668,Rxg4
img1669,Bf6
img1670,Nd6+
img1671,Nxe5
img1672,Rxb6
img1673,Kh2
img1674,Kb8
img1675,e5
img1676,Kd4
img1677,Kh8
img1678,xb6
img1679,Nxe5
img1680,Nd4
img1681,Ne6
img1682,Rg3
img1683,Nc6
img1684,xg2
img1685,h1=Q
img1686,c5
img1687,Nxe5
img1688,Ne5
img1689,Bd5
img1690,a5
img1691,Kb7
img1692,Bf6
img1693,Kd6
img1694,a5
img1695,Rd1
img1696,Bxe4
img1697,Nh2
img1698,Qxf4
img1699,g3
img1700,Qe6
img1701,Kc3
img1702,b5
img1703,Rh2
img1704,Rg4
img1705,Ke5
img1706,Kf5
img1707,Ne6
img1708,c5
img1709,Rxh3
img1710,Rh7
img1711,Nh2
img1712,xa4
img1713,Bc5
img1714,xf6
img1715,Bxf8
img1716,Bxf5
img1717,Ke3
img1718,Kf1
img1719,Qxc6
img1720,Ke2
img1721,O-O
img1722,Bf2
img1723,g4
img1724,Kxf7
img1725,Rb8+
img1726,Rd1
img1727,Bg6
img1728,Kh8
img1729,Qe6
img1730,Kf1
img1731,Re8
img1732,Re3+
img1733,Kg6
img1734,g5
img1735,Rxg4
img1736,Kc7
img1737,h4
img1738,Ra7+
img1739,Bxc7
img1740,Rxf6
img1741,h3
img1742,h4
img1743,Nf6
img1744,Kxf4
img1745,Bc3
img1746,Bc6
img1747,Bg7
img1748,xe7
img1749,Rd8
img1750,d4
img1751,Ng4
img1752,Kf3
img1753,d6
img1754,Qxc3
img1755,xc4
img1756,Rc8
img1757,Rc1
img1758,Kc7
img1759,Rd8
img1760,Bc4
img1761,Qd2
img1762,Rae1
img1763,Kg8
img1764,a3
img1765,xg3
img1766,Ba2
img1767,Bg5
img1768,Kg4
img1769,b5
img1770,Qe2
img1771,f4
img1772,Kf6
img1773,Qd5
img1774,Bc7
img1775,Rh5
img1776,Kg2
img1777,Kd4
img1778,Rh2
img1779,Rg4+
img1780,Bf8
img1781,g5
img1782,Qe6
img1783,Rf1+
img1784,xf6
img1785,Kb3
img1786,g4
img1787,c6
img1788,Re8
img1789,Rf6
img1790,Kxh6
img1791,Kc2
img1792,b4
img1793,Rc8
img1794,Rb1
img1795,Bxe2
img1796,xf3
img1797,Nxb7
img1798,Kh8
img1799,Rc8
img1800,Kxb3
img1801,Ne8
img1802,Rab1
img1803,Rh6
img1804,Kg6
img1805,Ke7
img1806,f4
img1807,Kxg6
img1808,Bxc2
img1809,Bxb3
img1810,Bc5
img1811,Ke7
img1812,Re1
img1813,Rc6
img1814,Rae8
img1815,Kb2
img1816,Nc4
img1817,a5
img1818,Nc5
img1819,Qc7
img1820,Nf6
img1821,Qh4
img1822,b3
img1823,h7
img1824,Rd4
img1825,Bxe4
img1826,xg5+
img1827,f2+
img1828,Rd8
img1829,d4
img1830,h5
img1831,Qc3
img1832,Kxf8
img1833,Qa5
img1834,xe3
img1835,Rh3
img1836,a3
img1837,Nc5
img1838,h3
img1839,Ng6
img1840,Bd7
img1841,Bh5
img1842,Ke4
img1843,Qg8
img1844,Kg7
img1845,Nc4
img1846,Qc7
img1847,Kd6
img1848,Rf7
img1849,Bc2
img1850,xb3
img1851,Nxe6
img1852,Be6
img1853,Nc6
img1854,Kd5
img1855,Kb8
img1856,Bc4
img1857,Bc3
img1858,Nd3
img1859,h5
img1860,Ka6
img1861,Rd7
img1862,Rxb5+
img1863,Rc5+
img1864,Rg2+
img1865,Qc3
img1866,Bg7
img1867,Ke2
img1868,h6
img1869,Rd1
img1870,Rg5
img1871,f4
img1872,Kg4
img1873,Be2
img1874,Nf6
img1875,Rb8
img1876,Nxe4
img1877,Ba4
img1878,Kh4
img1879,Rd2
img1880,Kh5
img1881,xd4
img1882,Ka8
img1883,Kf8
img1884,Rc7
img1885,h3
img1886,Ka6
img1887,Kf7
img1888,Qxc8
img1889,Kh7
img1890,Qxd5
img1891,Qf2
img1892,Kf8
img1893,f5
img1894,f2
img1895,Rc7
img1896,Kd3
img1897,Re1
img1898,Kd2
img1899,h3
img1900,Ke8
img1901,Rc7
img1902,Be2
img1903,f4
img1904,Bb7
img1905,g5
img1906,Nxd4
img1907,g3
img1908,xd5
img1909,Rd6+
img1910,Bf5
img1911,Qxb4
img1912,Re2
img1913,Kd1+
img1914,Rd1
img1915,Kb1
img1916,a5
img1917,Rxc7
img1918,Qe2
img1919,Kh7
img1920,Kg4
img1921,Kg4
img1922,xc4
img1923,Kf8
img1924,f5
img1925,Rxh7
img1926,Rxc4+
img1927,Kg7
img1928,h7
img1929,Nc7
img1930,Qh6
img1931,Rxc5
img1932,f3
img1933,g6
img1934,Ke2
img1935,Qe7
img1936,Ra3
img1937,Kf3
img1938,Kc2
img1939,Rh1+
img1940,Rf1
img1941,b3
img1942,Kc7
img1943,Bxe7
img1944,Kb5
img1945,Ke7
img1946,Kxg5
img1947,Kh4
img1948,Ra2
img1949,Qc6
img1950,Bc6
img1951,Bf3
img1952,Nxf4
img1953,h5
img1954,h4
img1955,Ng8
img1956,f6
img1957,Kc1
img1958,Qe7
img1959,Rc6
img1960,xf5
img1961,Bd7
img1962,Rc8
img1963,Nd7
img1964,Kxg3
img1965,Rd2+
img1966,h4
img1967,Kd6
img1968,Rf8
img1969,xe5
img1970,Qh5+
img1971,Rg8
img1972,Bf3
img1973,Qf3
img1974,Nd6
img1975,Bd4
img1976,Ke8
img1977,Kc1
img1978,xa6
img1979,h6
img1980,Ke8
img1981,Ke5
img1982,xb2
img1983,O-O
img1984,Rad8
img1985,Bd6
img1986,Qe5
img1987,Ka4
img1988,Rxd1
img1989,xf4
img1990,Kd7
img1991,Rg1
img1992,Re6
img1993,Nd7
img1994,O-O
img1995,g5
img1996,Rxf7
img1997,Nh7
img1998,Rf7
img1999,Bb3
img2000,Kg4
img2001,O-O
img2002,a4
img2003,Nf3
img2004,Rg8
img2005,c4
img2006,Rb3
img2007,Qxg2+
img2008,Kg8
img2009,Ne5
img2010,Nxe5
img2011,Kb7
img2012,Kc6
img2013,Rc8
img2014,Kxc4
img2015,Rh7
img2016,c5
img2017,Bg4
img2018,Kxc7
img2019,c4
img2020,Kf1
img2021,Kh1
img2022,Bc4+
img2023,Kh2
img2024,Be7
img2025,Kc7
img2026,Nxf3
img2027,Ra3
img2028,h6
img2029,Ng4+
img2030,Qc7
img2031,Ng4
img2032,Nxe7
img2033,xe5
img2034,g4
img2035,Qb6
img2036,Bh7
img2037,Be3+
img2038,g6
img2039,O-O
img2040,Rg8
img2041,Ra4
img2042,b5
img2043,c4
img2044,Kxf7
img2045,Ng4+
img2046,Bc5
img2047,Kg7
img2048,Bd4
img2049,Kf8
img2050,Kg8
img2051,O-O
img2052,Qxe6
img2053,Nb8
img2054,Rc2
img2055,Kc2
img2056,Bxc5
img2057,g4
img2058,Nd3
img2059,Rxc1
img2060,f3
img2061,xg3
img2062,Qxg5
img2063,Nd2+
img2064,Kg5
img2065,Kc6
img2066,Ra2
img2067,xd5
img2068,Bc2
img2069,Qxc2
img2070,Bxd8
img2071,xe5
img2072,Nxe5
img2073,Bg5
img2074,Nf3
img2075,Rc8
img2076,Rf6
img2077,d5
img2078,Qf6
img2079,Nxe6
img2080,Nd4
img2081,Qc3+
img2082,Ke1
img2083,Kf7
img2084,Qxe4
img2085,Qe7
img2086,Qxf5
img2087,Nd4
img2088,Nxe5
img2089,Nf3
img2090,Re6
img2091,Nxb2+
img2092,xc4
img2093,Nxe5
img2094,Kd4
img2095,Re1
img2096,Ka6
img2097,Rxa6
img2098,g5
img2099,Nf4
img2100,Kg4
img2101,Ke2
img2102,Kb6
img2103,Rd1
img2104,Qxd5
img2105,Rb7
img2106,Kxh5
img2107,e4
img2108,Kg8
img2109,Rxc1
img2110,Qg4
img2111,Bd8
img2112,Nxe6
img2113,Ke6
img2114,h5
img2115,Kg6
img2116,Qb3
img2117,Kf2
img2118,g2
img2119,g5
img2120,Qe2
img2121,Rc1+
img2122,xc6
img2123,Qe3
img2124,c4
img2125,Rb8
img2126,b4
img2127,Qg8
img2128,xe5
img2129,b4
img2130,Kg8
img2131,Qxc7+
img2132,Re8
img2133,Kxf1
img2134,Kb1
img2135,Rh2+
img2136,Qxb6
img2137,xa4
img2138,xe4
img2139,Kc2
img2140,Qd8
img2141,Qd5
img2142,Qxg7
img2143,a6
img2144,Kf7
img2145,h5
img2146,g6
img2147,Kd5
img2148,xa5
img2149,Bf4
img2150,Rc5
img2151,Ke6
img2152,Bxc6+
img2153,Qf3
img2154,b6
img2155,a6
img2156,Nf1
img2157,Bg4
img2158,Bxf4
img2159,f5
img2160,Rc2
img2161,Be6
img2162,Kc3
img2163,Qc4
img2164,Bxf4
img2165,Kc7
img2166,Bd2
img2167,Kd5
img2168,Kh6
img2169,Bxe3
img2170,Kf7
img2171,Kxa6
img2172,Nxd4
img2173,Nd2
img2174,Qf7
img2175,Qf4
img2176,Kb8
img2177,Qf3
img2178,Kd6
img2179,Nh5
img2180,Kh8
img2181,Rb1
img2182,Kg4
img2183,Rc8
img2184,Nc5
img2185,Rf4
img2186,Kc7
img2187,Rg3
img2188,Qxe3
img2189,xg6
img2190,c2
img2191,Bc5
img2192,Bxe5
img2193,h6
img2194,Bxe4
img2195,Bh4
img2196,Qh4
img2197,Nc7
img2198,Kc4
img2199,Bc6+
img2200,Kf2
img2201,Qf3
img2202,Rb4+
img2203,Be6
img2204,Rxa4
img2205,Kg4
img2206,Kd6
img2207,Bxe3
img2208,Bg5
img2209,Qd5
img2210,Qd6
img2211,Rxh1
img2212,Rg8
img2213,Kg7
img2214,Qc3
img2215,Qxf4
img2216,c6
img2217,Ne2
img2218,Qb3
img2219,Bc4
img2220,d4
img2221,Kf3
img2222,Qg5
img2223,Kh3
img2224,Rc3+
img2225,Bxe2
img2226,g4
img2227,Qxd3
img2228,Kxh5+
img2229,h3
img2230,Bg7
img2231,Rc8
img2232,Kd2
img2233,Nxc4
img2234,xe4
img2235,Kc2
img2236,h5
img2237,Re8
img2238,Nf3
img2239,xe5
img2240,Bf1
img2241,Bh6
img2242,Nd7
img2243,Rc3+
img2244,Bxg3
img2245,Qf6
img2246,Bd6
img2247,Qc7
img2248,Rxh3
img2249,Bb7
img2250,Kf8
img2251,Qb2
img2252,xb5
img2253,Rxd4
img2254,Nb7
img2255,Kxb2
img2256,Kb5
img2257,Na7
img2258,Bg3
img2259,Kg7
img2260,Rb2
img2261,Be8
img2262,Re2
img2263,Rg8
img2264,xb3
img2265,Re3
img2266,Rg5
img2267,Bxg5
img2268,Qxc3
img2269,Kh7
img2270,Rh7
img2271,xf3
img2272,Nf5
img2273,f5
img2274,Ke2
img2275,Kd4
img2276,Nxg5
img2277,Kb7
img2278,Bh4
img2279,Kc4
img2280,Ne4
img2281,Rb1
img2282,xf3
img2283,Ke8
img2284,d4
img2285,Qxc3
img2286,xc6
img2287,Rab1
img2288,Qg3
img2289,Kg2
img2290,Ke2
img2291,Kb1
img2292,Ba6
img2293,Bxf7
img2294,Nf3
img2295,a4
img2296,Kxb5
img2297,d6
img2298,Kb7
img2299,xc6
img2300,Rb8
img2301,Rd8
img2302,h5
img2303,Ke7
img2304,Kb7
img2305,Kd2
img2306,Qb6
img2307,Bxf4
img2308,c4
img2309,Re1
img2310,Rg1
img2311,Nc3
img2312,Qg5
img2313,Nc3
img2314,Kf7
img2315,Kxf1
img2316,Kb2
img2317,g3
img2318,Qf6
img2319,Bb6
img2320,Re7
img2321,Re8
img2322,Kd5
img2323,Kh2
img2324,Ng4+
img2325,Qg5
img2326,Nb2
img2327,Bc5
img2328,xd5
img2329,Re2
img2330,Qxc3
img2331,h6
img2332,Bg5
img2333,Bd2+
img2334,Bd3
img2335,Be4+
img2336,a5
img2337,Qxg5
img2338,Rxf7
img2339,Rc1
img2340,Qf6
img2341,xd5
img2342,Ke4
img2343,O-O-O
img2344,Bxe5
img2345,Ke7
img2346,Na2
img2347,O-O
img2348,Kg5
img2349,Ra7
img2350,e5
img2351,Kf8
img2352,Ra1
img2353,Kg2
img2354,Ke5
img2355,Kh6
img2356,xd5
img2357,Nc4
img2358,Rf2
img2359,Kc4
img2360,Rxc2
img2361,Re4
img2362,e5
img2363,Qb6
img2364,Ne6
img2365,Rxb3
img2366,Qh3+
img2367,Qc7
img2368,Qf1
img2369,Bg3
img2370,Ke8
img2371,Rd4
img2372,h4
img2373,Ne5
img2374,h4
img2375,g6
img2376,Rh8
img2377,Ne3
img2378,Kf1
img2379,g3
img2380,Kh4
img2381,Nxf6
img2382,g3
img2383,Kg4
img2384,Rd1
img2385,Nc6
img2386,Bc2
img2387,b3
img2388,Bd5
img2389,Nd2
img2390,Bf8
img2391,d3
img2392,Kc8
img2393,Ba4
img2394,Kd3
img2395,Kg5
img2396,Ke8
img2397,c6
img2398,Rb3
img2399,Kf5
img2400,xf2+
img2401,Qa8
img2402,Qc7
img2403,Kd1
img2404,Qe3
img2405,Rxe3
img2406,Qg8+
img2407,Re2
img2408,Kb7
img2409,Kf6
img2410,Ke3
img2411,g5
img2412,Kf8
img2413,Kf5+
img2414,Re5
img2415,Kh4
img2416,Kd3
img2417,Kh6
img2418,Kg7
img2419,Kf1
img2420,Re1
img2421,O-O
img2422,Qe1
img2423,Kc3
img2424,g3
img2425,Nxc7
img2426,Kd6
img2427,Rc5
img2428,Nb4
img2429,Rg2+
img2430,Rf7+
img2431,Qd3
img2432,Bxb2
img2433,Qf8
img2434,a3
img2435,Nc6
img2436,Nc6
img2437,Rg7
img2438,Kd8
img2439,Kg7
img2440,a6
img2441,Ra7
img2442,Ne5
img2443,Kc3
img2444,Nc7
img2445,Qb7
img2446,Qh4
img2447,Kf2
img2448,Bd6
img2449,Kd5
img2450,Kd2
img2451,h3
img2452,Nd7
img2453,Qh4
img2454,Rh2
img2455,Ba3
img2456,Kxb8
img2457,Re1
img2458,Kc6
img2459,Ke3
img2460,e5
img2461,g5
img2462,Rf5
img2463,Ke3
img2464,Rd8
img2465,Rc8
img2466,xa5
img2467,f6
img2468,e5
img2469,c2
img2470,Ra1+
img2471,Bb1
img2472,Kxd6
img2473,b6
img2474,Rg1
img2475,Bxc4
img2476,Re8
img2477,Rf8
img2478,Bb7
img2479,xb4
img2480,Rxg3+
img2481,Ne1
img2482,Be4
img2483,xe4
img2484,Ra1
img2485,g5
img2486,Qd8
img2487,h5
img2488,Kh7
img2489,Qe8
img2490,Kxg2
img2491,Kd4
img2492,Re8
img2493,Kh2
img2494,Qc4+
img2495,Rc5
img2496,Rg1
img2497,Kc7
img2498,Qxe3
img2499,b4
img2500,c3
img2501,Qa4
img2502,Kg6
img2503,xc3
img2504,Bxc6
img2505,Kf4
img2506,f3
img2507,Rc2
img2508,Qg3
img2509,Bb5
img2510,Bxf6
img2511,Qxf3
img2512,Bb2
img2513,Qh5+
img2514,Nxf8
img2515,Rad8
img2516,Ng5+
img2517,Rb2+
img2518,Ke1
img2519,Rb8
img2520,Nxb6+
img2521,Bxf3
img2522,Qxd5
img2523,xg3
img2524,Rxf3
img2525,Qb7+
img2526,Nxf6
img2527,b5
img2528,Kb7
img2529,Rc7+
img2530,Nd4
img2531,a3
img2532,f3
img2533,Kc4
img2534,Ng6
img2535,Nd5
img2536,Nb4
img2537,Kd5
img2538,g5
img2539,xf5
img2540,Nxh5
img2541,Bb4
img2542,Bxg1
img2543,xf6
img2544,Ng3
img2545,Rxd3
img2546,Ng8
img2547,Ra4
img2548,O-O-O
img2549,Kf5
img2550,Kf7
img2551,Qxb2
img2552,Kf1
img2553,Qa1
img2554,xa6
img2555,g5
img2556,Bc5
img2557,Kc5
img2558,Bg4
img2559,Kxc4
img2560,Kf4
img2561,Ng2
img2562,Nxc7
img2563,c6
img2564,Ke5
img2565,g6
img2566,d6
img2567,Kf7
img2568,c4
img2569,Ng5
img2570,Kd1
img2571,h5
img2572,Rb4
img2573,Kc7
img2574,Kb8
img2575,Nc7
img2576,Kd4
img2577,O-O
img2578,Kd3
img2579,Nxc7
img2580,Rf6
img2581,g5
img2582,e6
img2583,Rd7+
img2584,xa4
img2585,Kf7
img2586,Bb7
img2587,Kh2
img2588,Ra1
img2589,Ke1
img2590,Qb5
img2591,Qxd5
img2592,Kg6
img2593,Rc1
img2594,Bxc3
img2595,Nxf3+
img2596,Kd1
img2597,Kg4
img2598,c4
img2599,Re8
img2600,xf5
img2601,g6
img2602,Kc1
img2603,f3
img2604,Kf4
img2605,Ba4
img2606,Nf6
img2607,Bd8
img2608,Be5
img2609,Nd4
img2610,Ne7
img2611,a6
img2612,Bb7
img2613,Rxe3
img2614,Rh2
img2615,g4
img2616,Rc8
img2617,Nd4
img2618,Kc1
img2619,Kxa4
img2620,Nd3
img2621,Qf7
img2622,g6
img2623,Ke2
img2624,Rh6
img2625,Kb1
img2626,Qxd5
img2627,a5
img2628,Bb2
img2629,Nxe4
img2630,Qa8+
img2631,xd5
img2632,g3
img2633,Re3
img2634,f3
img2635,Rc7
img2636,Rf2
img2637,Kg3
img2638,Bxd8
img2639,Kh7
img2640,g5
img2641,g6
img2642,Qd2
img2643,Nxb4
img2644,Qe3
img2645,Ra1
img2646,h4
img2647,Kb2
img2648,e6
img2649,Ke2
img2650,Kg5
img2651,Rd7
img2652,Bd5
img2653,Re6
img2654,Nxd3
img2655,g6
img2656,Rc8
img2657,Kxf4
img2658,Qxd5
img2659,Kf3
img2660,Kg2
img2661,Rg1
img2662,Nxe6
img2663,Rd5
img2664,Be7
img2665,Ne5
img2666,Qxa2
img2667,c4
img2668,xa5
img2669,Rg3
img2670,Rg3
img2671,Kh1
img2672,Nc4
img2673,Re7
img2674,Re2
img2675,Rb7
img2676,Kg7
img2677,Qf6
img2678,a3
img2679,Re7
img2680,Qxa7
img2681,Bxe3
img2682,d5
img2683,Rg1
img2684,Qh5
img2685,Nb6
img2686,Ra7+
img2687,Qe4
img2688,Ra8
img2689,b3
img2690,Kg1
img2691,Bxd6
img2692,Rh8
img2693,Kh8
img2694,g5
img2695,Kf7
img2696,Kb6
img2697,Kd8
img2698,Qxe4
img2699,b4
img2700,Kc1
img2701,Rxd5
img2702,Kb3
img2703,Ne5
img2704,h5
img2705,Nxd5
img2706,b4
img2707,Bb3
img2708,Rxf7
img2709,Rb2
img2710,Rd8
img2711,xe3
img2712,Nd3
img2713,Bxe6
img2714,Qc8
img2715,Kg8
img2716,Kf2
img2717,Kd1
img2718,Kf3
img2719,Ke6
img2720,xg5
img2721,Rd4
img2722,f6
img2723,Rc3
img2724,Qg3
img2725,Ke8
img2726,Qxf7
img2727,Qh4
img2728,Re1
img2729,Rh1+
img2730,Bxa4
img2731,Ra2
img2732,Kd7
img2733,Kh5
img2734,Qa4
img2735,c3
img2736,Re7
img2737,Kc2
img2738,Bxc8
img2739,Ra2
img2740,xd5
img2741,Bf5
img2742,Kg2
img2743,Nxe5
img2744,d7
img2745,Rg8
img2746,Re1
img2747,Bxe3
img2748,Qe1
img2749,Re2
img2750,Nxb5
img2751,Be5
img2752,Kc2
img2753,Rh4+
img2754,h6
img2755,Kb7
img2756,xe3
img2757,Rb8
img2758,Bxc6
img2759,Bb7
img2760,Qxg5
img2761,Kc7+
img2762,h3
img2763,Qf7
img2764,Rb8
img2765,Nd7
img2766,Rb1
img2767,Rxe4
img2768,Qf2
img2769,Rxe1+
img2770,Rxd5
img2771,Rb7
img2772,Ke7
img2773,Nxf6
img2774,Bxe5
img2775,Qd6
img2776,Qe2
img2777,f4
img2778,d5+
img2779,Qe4
img2780,xf4
img2781,Rh3
img2782,Nxe5
img2783,Ka2
img2784,Rc3
img2785,Bd5
img2786,Kg7
img2787,Bd7
img2788,xd4
img2789,Kh7
img2790,xd4
img2791,Qb6+
img2792,Qb4
img2793,Qb5
img2794,Kxb7
img2795,Kg7
img2796,Kd7
img2797,Rac1
img2798,Re8
img2799,Rc2
img2800,Kf2
img2801,Ke6
img2802,Nxe5
img2803,Kg6
img2804,xg5
img2805,Rd8
img2806,g2
img2807,c4
img2808,Nd5
img2809,Kc5
img2810,Re1
img2811,Rxe3
img2812,Ng4
img2813,Ke5
img2814,Nxd4
img2815,Qg3
img2816,Qf3
img2817,Ne6
img2818,Rxd8+
img2819,Kd2
img2820,Nxa1
img2821,Qa4
img2822,Be6
img2823,Ka4
img2824,Bd2
img2825,Ke5
img2826,Rad8
img2827,Re1
img2828,xb6
img2829,Rxg4
img2830,Rxb2
img2831,Rxd1
img2832,Bc1
img2833,Bd6
img2834,Rc1
img2835,Qf4
img2836,Ke4
img2837,Ke1
img2838,Qa4
img2839,Re4
img2840,f2+
img2841,xd6
img2842,Kf7
img2843,Kc3
img2844,b5
img2845,Nf3
img2846,Ke2
img2847,Kb6
img2848,Ne2
img2849,a6
img2850,Kf4
img2851,b4
img2852,Bg3
img2853,Kc8
img2854,Kg3
img2855,Bxb7
img2856,Qxf5
img2857,Qc6
img2858,Rf6
img2859,Ne5
img2860,Bxe6+
img2861,Rd8+
img2862,Kh5
img2863,Kf5
img2864,Kb3
img2865,Rxa6
img2866,Bxf4
img2867,Qxf7
img2868,Re1
img2869,Kb1
img2870,xb5
img2871,Na6
img2872,Kd2
img2873,b5
img2874,e5
img2875,d3
img2876,Rxg3
img2877,g6
img2878,c3
img2879,Nb5
img2880,Nd6
img2881,Ke6
img2882,Kf7
img2883,Kf1
img2884,Ke6
img2885,Nxf2+
img2886,Ke8
img2887,Ng3
img2888,Be1
img2889,Bc4
img2890,xe5
img2891,Be3
img2892,Bg5
img2893,Kh1
img2894,h6
img2895,Kg8
img2896,Rxe7
img2897,Qf3
img2898,Kb8
img2899,f4
img2900,h4
img2901,Ne2
img2902,Bxe6
img2903,b3
img2904,Bxc4
img2905,Rxg4
img2906,Nd4
img2907,Rd4
img2908,Kf2
img2909,Kg3
img2910,Re6
img2911,Rxc3
img2912,Kxf2
img2913,Bh8
img2914,Kh4
img2915,Qb4
img2916,xb4
img2917,e6
img2918,a5
img2919,Rxb6
img2920,Kd4
img2921,Kg5
img2922,Qe4
img2923,Nxe5
img2924,Nh4
img2925,Rc7
img2926,a4
img2927,Kxf5
img2928,Ne4
img2929,Nc4
img2930,Kd6
img2931,Nb5
img2932,Kg2
img2933,Re5
img2934,xe4
img2935,Ke2
img2936,xc5
img2937,Be3
img2938,Ra8+
img2939,Kxe1
img2940,Bh6
img2941,Kh2
img2942,Bxg1
img2943,g4
img2944,Qc7
img2945,Kf2
img2946,Qb6
img2947,Ne4
img2948,Kg6
img2949,Kf6
img2950,Bd3
img2951,h4
img2952,Re8
img2953,Rg6
img2954,Qf7
img2955,Bxc2
img2956,Nf3
img2957,Nc3
img2958,Nf2
img2959,h5
img2960,g3
img2961,h5
img2962,Re5
img2963,Bxh7
img2964,Qxe7
img2965,Bxb1
img2966,Qd3
img2967,Kh2
img2968,Ke5
img2969,Kg3
img2970,Rxh4
img2971,Rb7+
img2972,Rxf8
img2973,Re4
img2974,Re8
img2975,Qxc4
img2976,Nc5
img2977,Kh2
img2978,f3
img2979,Rc6
img2980,Ne5
img2981,Ke2
img2982,Rd1
img2983,Qf3
img2984,Qd1+
img2985,g6
img2986,Bg4
img2987,Nb6
img2988,xb6
img2989,xe3
img2990,Ng4
img2991,Rxa2
img2992,Bxb3
img2993,d3+
img2994,xd4
img2995,Re6
img2996,Qxa4
img2997,Rc1
img2998,Rb4+
img2999,Qf5
img3000,Kg6
img3001,Ra1
img3002,h4
img3003,Nxf1
img3004,Kd2
img3005,Rc8
img3006,Rc6
img3007,Rd1
img3008,Rd7
img3009,Nxe5
img3010,Ke1
img3011,Kd6
img3012,Bd6
img3013,Qb5
img3014,d6
img3015,Bb7
img3016,f6
img3017,Kg2
img3018,Nf4
img3019,Rxa8
img3020,Bb7
img3021,Qc1
img3022,Kf5
img3023,Ra3
img3024,Kxd8
img3025,Kf7
img3026,Kxg7
img3027,Ba3
img3028,Re8
img3029,Rf7
img3030,Qh4
img3031,Rxd7
img3032,a4
img3033,Nh7
img3034,xb4
img3035,Kh4
img3036,Ke4
img3037,Qa3
img3038,b4
img3039,Kh2
img3040,Kd4
img3041,Nxf3
img3042,Rg8
img3043,Bb2
img3044,Kh7
img3045,c4
img3046,Rc7
img3047,xb3
img3048,Bg4
img3049,Rb3
img3050,f4
img3051,b2
img3052,Kc7
img3053,Nf5
img3054,Qb7
img3055,Ka2
img3056,Qxc6
img3057,Re8
img3058,Bxh6
img3059,Qh5
img3060,Rc1=Q
img3061,Re8
img3062,Qf6
img3063,Bf3
img3064,Kg2
img3065,Rxe3
img3066,xe4
img3067,Ke1
img3068,Rd1
img3069,Rd1
img3070,Kh6
img3071,Rf8
img3072,Bc6
img3073,Bd6
img3074,h4
img3075,Bxf3
img3076,Rxa7
img3077,Rc6
img3078,Nh5
img3079,Kg1
img3080,Ke6
img3081,Rg3
img3082,Qxe3
img3083,g3
img3084,Qxg5
img3085,xd4
img3086,Kd1
img3087,Kh7
img3088,Be6
img3089,Kb4
img3090,Kg1
img3091,Nh7
img3092,Qxh7
img3093,a3
img3094,Bxd4
img3095,xd5+
img3096,Nf3
img3097,Nb7
img3098,Rc8
img3099,Nh7
img3100,g3
img3101,Kg1
img3102,a5
img3103,Bxb5
img3104,Rb1
img3105,Qg4+
img3106,Qe2
img3107,Kf8
img3108,Qc7
img3109,Kh2
img3110,Ne5
img3111,Kxa4
img3112,Kd5
img3113,Ra2
img3114,Nh6
img3115,Rxg2
img3116,Rc2
img3117,xg6
img3118,Bc6
img3119,Kh1
img3120,Kxh5
img3121,Re1
img3122,Rc2
img3123,Rg6
img3124,xg6
img3125,xf6
img3126,Qc1
img3127,Rf2
img3128,b5
img3129,Be3
img3130,Ra4
img3131,Qe7
img3132,Kxf7
img3133,Nh7
img3134,Qh7
img3135,xc5
img3136,Kg8
img3137,Ne7
img3138,Rh1
img3139,xf3
img3140,Qxe4
img3141,Rxe5
img3142,Ke4
img3143,Rxe8
img3144,c4
img3145,Qg3
img3146,Qa3
img3147,Nc3
img3148,Rh5
img3149,xf5+
img3150,Qb7
img3151,Rxa1
img3152,Qg5
img3153,Qc5
img3154,Kc7
img3155,Nxb5
img3156,Bxh4
img3157,Kc4
img3158,xf3
img3159,Kd8
img3160,Kf7
img3161,Nb5
img3162,xc7
img3163,c5
img3164,b3
img3165,Rxb4
img3166,Qf6
img3167,g6
img3168,Bxc5
img3169,xf3
img3170,Re4
img3171,Qc8
img3172,Rxb7
img3173,Qd1
img3174,Be6
img3175,Qc7
img3176,Rd1
img3177,Rh8
img3178,Kb5
img3179,Bxc7
img3180,Rxe6
img3181,Nf4
img3182,xe6
img3183,Kg6
img3184,Nxd5
img3185,Qe8
img3186,Nc3
img3187,Rd8
img3188,Qf6
img3189,Qf5
img3190,Re8+
img3191,Qc8
img3192,Kg3
img3193,g4
img3194,Kf7
img3195,Bd7
img3196,Kd5
img3197,Rb8
img3198,Nd6
img3199,xd4
img3200,Kg2
img3201,Qb1
img3202,Bg7
img3203,Kf3
img3204,f3
img3205,Ng4
img3206,Nf6
img3207,Kd7
img3208,f4
img3209,g3
img3210,Re2
img3211,Rd7
img3212,Bd1
img3213,Ra6
img3214,Ke6
img3215,Qe2
img3216,Qf5
img3217,f5
img3218,Kxe5
img3219,b4
img3220,Kc1
img3221,Qb2
img3222,Kh6
img3223,Rd1
img3224,Rc2
img3225,Rae8
img3226,Be7
img3227,Re6
img3228,Ka7
img3229,Kd1
img3230,Qd2+
img3231,Bxh6
img3232,Rg1
img3233,Ke5
img3234,Qd6
img3235,Qe8
img3236,Qa4
img3237,Ng5
img3238,Rf2
img3239,Rg4+
img3240,Ng3
img3241,Qxf5
img3242,Re6
img3243,Kf4
img3244,Kg6
img3245,Rxb8
img3246,b5
img3247,Nf6
img3248,Be7
img3249,Qc2
img3250,Qxg6
img3251,b4
img3252,Rxa7
img3253,Ra6+
img3254,Ke7
img3255,Rb1
img3256,Kh5
img3257,Bb2
img3258,Bxe5
img3259,xh5
img3260,Rxc1+
img3261,Kf7
img3262,Kh3
img3263,Rxc7
img3264,Ke7
img3265,f3
img3266,Qb3
img3267,Nc1
img3268,Kg4
img3269,Qf5
img3270,Bc2
img3271,Qc1+
img3272,Bd4
img3273,Kf6
img3274,Rxd1
img3275,Rf7
img3276,h5
img3277,Re1
img3278,Kf1
img3279,Be7
img3280,Ba4
img3281,Bxh7
img3282,Kb1
img3283,Bg6
img3284,Bg6
img3285,Bg5
img3286,Ne2
img3287,Qc7
img3288,Qc7
img3289,Kg7
img3290,g5
img3291,Rb1+
img3292,Bxf6
img3293,Kc8
img3294,Kf3
img3295,a4
img3296,Be7
img3297,xe5
img3298,f7
img3299,Qc2
img3300,Kxc2
img3301,Qf6
img3302,Bb7
img3303,Kh5
img3304,c3
img3305,c3
img3306,Rc1
img3307,Bxd7
img3308,Ke7
img3309,Rh8
img3310,Bg4
img3311,Qxg2
img3312,xg4
img3313,Rxd6
img3314,e4
img3315,Kf2
img3316,Qd7
img3317,Bxe5
img3318,Qg5
img3319,Na6
img3320,Nxe4
img3321,Ke8
img3322,Kg1
img3323,Nxd6
img3324,e6
img3325,Nb5
img3326,Nc4
img3327,Kh3
img3328,Rxg3
img3329,e5
img3330,xg4
img3331,Kd5
img3332,Qxc2
img3333,Bxc5
img3334,Qg7
img3335,Rd7
img3336,Rxe2
img3337,Qb8
img3338,Nxe5
img3339,h3
img3340,Ra8
img3341,c5
img3342,Qg5
img3343,Kd8
img3344,Rc7
img3345,Rc2
img3346,Rd1
img3347,xe3
img3348,a5
img3349,xd4
img3350,Bxf6
img3351,b5
img3352,Rb8
img3353,Bc6+
img3354,Qc2
img3355,d2
img3356,Qd7
img3357,c5
img3358,Kc1
img3359,Rg1
img3360,Kd4
img3361,Qa2
img3362,Qc8
img3363,Rd2
img3364,Qd8
img3365,xd4
img3366,Bxd1
img3367,Rf8
img3368,Bc8
img3369,f5
img3370,Qd5
img3371,Qxe2
img3372,a6
img3373,Kf8
img3374,xd5
img3375,Nxe3
img3376,Kf6
img3377,Rxa4
img3378,Kf2
img3379,xg6
img3380,Rf4
img3381,Kxe2
img3382,Kh8
img3383,Ne4
img3384,Rd6
img3385,Nb4
img3386,Kb4
img3387,Nb3
img3388,xb6
img3389,Kh1
img3390,Be7
img3391,Qc1+
img3392,Rxh8
img3393,Nd5
img3394,Rxc6
img3395,Nf6
img3396,a5
img3397,Ke7
img3398,O-O
img3399,Qe7
img3400,xg6
img3401,Rd1
img3402,Kh4
img3403,e5
img3404,Ke2
img3405,Be5
img3406,Qc2+
img3407,Qg5
img3408,Rd1+
img3409,Rd8+
img3410,h4
img3411,O-O
img3412,Bxc3
img3413,a6
img3414,Re3
img3415,Nb6
img3416,Qd4
img3417,Kh2
img3418,Ke7
img3419,Kxh7
img3420,Kc8
img3421,Qe5
img3422,Rf3
img3423,Rh7
img3424,xa5
img3425,xa4
img3426,Qa5
img3427,xd5
img3428,Ba7
img3429,Nf4
img3430,Qxd4
img3431,Ka2
img3432,Rxg7
img3433,h6
img3434,d5
img3435,c4
img3436,Qh5
img3437,xe5
img3438,Qe6
img3439,Kd6
img3440,Nxa3
img3441,Nxb5
img3442,Qd6
img3443,Kd8
img3444,Re7
img3445,xb5
img3446,Nf3
img3447,Rh3
img3448,Qd2
img3449,Rg2+
img3450,xc7
img3451,Ke8
img3452,Qf1
img3453,Qxd6
img3454,Kxh7
img3455,Rg6
img3456,Rd3+
img3457,Qd7
img3458,Qd2
img3459,Re8
img3460,Rh4
img3461,Bxa3
img3462,Ba2
img3463,xg5
img3464,Qb5
img3465,Kd1
img3466,Nh4
img3467,Qxf2
img3468,Rd1
img3469,Kg2
img3470,Kd4
img3471,Ra2
img3472,Bxf7
img3473,Bxf3
img3474,Nb3
img3475,Bxf6
img3476,Ne2+
img3477,Rh8
img3478,Bb7
img3479,Na4
img3480,Qe3
img3481,Nd4
img3482,Nc3
img3483,Qb2+
img3484,Qg6
img3485,Bxe6
img3486,b4
img3487,Rh4
img3488,b5
img3489,Kg7
img3490,Bg4
img3491,Nf4
img3492,Qxe6
img3493,Qf7
img3494,Re4
img3495,Kg8
img3496,Bf4
img3497,Re1
img3498,Rae8
img3499,Re2
img3500,Ke5
img3501,Ba1
img3502,Qe2
img3503,Qe6+
img3504,Kxg6
img3505,Bd2
img3506,Qxc3
img3507,Re2
img3508,Bc5
img3509,Re6
img3510,Ra1
img3511,Kg8
img3512,e5
img3513,c3
img3514,c3
img3515,Re8+
img3516,Kf8
img3517,Qxe1
img3518,Rd1+
img3519,Nxd5
img3520,Kc8
img3521,Qb6
img3522,Kh4
img3523,Rb1
img3524,Re8
img3525,c4
img3526,Kh4
img3527,Ke7
img3528,b3
img3529,f4
img3530,Rxe6
img3531,Bd5
img3532,Ke6
img3533,Rg3
img3534,Rg3
img3535,Kxd2
img3536,Qxf3
img3537,a5
img3538,Rxg5
img3539,Kf8
img3540,Nxe6
img3541,Re3
img3542,b5
img3543,a5
img3544,Rc5
img3545,Rd1
img3546,Kb6
img3547,Kxa3
img3548,xg6
img3549,f4
img3550,a4
img3551,a4
img3552,xf4
img3553,Rxa4
img3554,Qb4
img3555,Kb6
img3556,Ra2+
img3557,d6
img3558,Nb2
img3559,Qa8
img3560,Kg1
img3561,Qxa3
img3562,xc4
img3563,Kf6
img3564,Re1
img3565,Rb2
img3566,Qc8
img3567,a6
img3568,Qb7
img3569,Qf8
img3570,Kc7
img3571,b5
img3572,Kg8
img3573,Kc2
img3574,c5
img3575,f4
img3576,Qe8
img3577,Nxc8
img3578,Qxe5
img3579,Rb7
img3580,Bf3
img3581,f5
img3582,Kh2
img3583,Kxh5
img3584,h5
img3585,Qc5
img3586,Kxg8
img3587,Qxc4
img3588,Rb3
img3589,Kb5
img3590,Re1+
img3591,Kf2
img3592,Rb8
img3593,Rh8+
img3594,Qxe6+
img3595,Bxb5
img3596,xd5
img3597,Qc5
img3598,Qg5
img3599,xb4
img3600,Ne3+
img3601,Nxe4
img3602,Rf1
img3603,Ba4
img3604,Kc5
img3605,f5
img3606,Rg6
img3607,h6
img3608,b4
img3609,Bh6
img3610,Kf2
img3611,Rf1
img3612,Rg8
img3613,e5
img3614,Qf2
img3615,g4
img3616,Nxd5
img3617,Qf4
img3618,Ne5
img3619,Kf7
img3620,Kb3
img3621,Bxf6
img3622,Bxc3+
img3623,Bd4
img3624,xe6
img3625,Rc7
img3626,Ra6
img3627,Kc1
img3628,Kxd1
img3629,Nb7
img3630,g3
img3631,Kg2
img3632,Kh2
img3633,Bxb2
img3634,Ne4
img3635,Qb4
img3636,Ne4+
img3637,Kd3
img3638,Nb4
img3639,Qg3
img3640,Kh8
img3641,Nf1
img3642,Ka6
img3643,Bc5
img3644,xa5
img3645,Kg2
img3646,Nd4
img3647,Kg2
img3648,Rb1
img3649,xf5
img3650,f4
img3651,Kh7
img3652,Qxc6
img3653,Bxe6
img3654,xg3
img3655,Qxb3
img3656,Kd2
img3657,Qf3
img3658,Kxh4
img3659,Ng4
img3660,Bxd5
img3661,Re1
img3662,Nxf3+
img3663,a4
img3664,Re8
img3665,f4
img3666,Ka6
img3667,Rg3
img3668,Rf7+
img3669,Ke6
img3670,Rd8
img3671,Kh6
img3672,a4
img3673,Kxd3
img3674,e3
img3675,Kg4
img3676,Bc6
img3677,O-O
img3678,Kb1
img3679,Ne4
img3680,Qf6
img3681,Qf7
img3682,Qc8
img3683,Ke2
img3684,Qh5+
img3685,Kxh6
img3686,Ke3
img3687,c3
img3688,Ra1
img3689,Qg4
img3690,Kf3
img3691,Rxe5
img3692,Nxd4+
img3693,Kf1
img3694,Rxe6
img3695,e4+
img3696,Nxe4
img3697,Nxc5
img3698,Nh7
img3699,Kb1
img3700,f4
img3701,Ra2
img3702,e4
img3703,xc5
img3704,Re5+
img3705,Bb6
img3706,Kc6
img3707,Nxf7
img3708,Qg7
img3709,Qg3
img3710,a4
img3711,a4
img3712,Qh3
img3713,Bd2
img3714,Bd4
img3715,Bd2
img3716,Kxc2
img3717,Na6
img3718,Rxd8
img3719,Ra8
img3720,Bf6
img3721,a6
img3722,Qd2
img3723,Kd6
img3724,Qh6
img3725,d3
img3726,Rh6
img3727,Nxc7
img3728,O-O
img3729,Rxh7
img3730,Kg8
img3731,Kh2
img3732,Nf5
img3733,O-O-O
img3734,c5
img3735,Kf7
img3736,Bxd6
img3737,Bxf6
img3738,Nc3
img3739,g5
img3740,Kc5
img3741,e7
img3742,Rf4
img3743,Nh4
img3744,Ra1+
img3745,Kxf8
img3746,Bf4
img3747,Re1
img3748,Ka4
img3749,a5
img3750,Qb1
img3751,Rc8
img3752,Re7
img3753,Nd5
img3754,Bg5
img3755,h3
img3756,Re8
img3757,Kc6
img3758,Kxe5
img3759,Rc4
img3760,Ra3+
img3761,Nf3
img3762,Kc2
img3763,Qg3
img3764,xf5
img3765,Rf7
img3766,Bc6
img3767,xg5
img3768,Nd5
img3769,Kg8
img3770,Kg6
img3771,Rg4+
img3772,Kg1
img3773,Kg3
img3774,xd5+
img3775,Kg1
img3776,f5
img3777,Kh1
img3778,Kb2
img3779,Kf1
img3780,Qf7
img3781,Ne6
img3782,Qc6
img3783,e5
img3784,Bxg7
img3785,Rxc2
img3786,Bb3
img3787,Kxe2
img3788,Ba6
img3789,d5+
img3790,Ng4
img3791,Ba6
img3792,Nd6
img3793,Kd3
img3794,Bc6
img3795,Kh8
img3796,Re4
img3797,Nxf6
img3798,Rg8+
img3799,Kc6
img3800,Qe1
img3801,Bxd6
img3802,Kh2
img3803,Nc6
img3804,Qf5
img3805,Qe7
img3806,Ke5
img3807,Nh5
img3808,Bxf6
img3809,Re3
img3810,Rg4
img3811,Rg8
img3812,Kd3
img3813,Rac1
img3814,xc5
img3815,Kd6
img3816,xe4
img3817,h5
img3818,g6
img3819,Ke1
img3820,Nc6
img3821,Kg4
img3822,Kh7
img3823,Nxa7
img3824,Qd7
img3825,Rad8
img3826,Ne5
img3827,Be4
img3828,Kd4
img3829,Qc3
img3830,Ke4
img3831,Rc4
img3832,Ke5
img3833,Ne7
img3834,Kg7
img3835,Kh4
img3836,Rxc7
img3837,Ne2
img3838,Re3
img3839,Ne8
img3840,Kd2
img3841,Kd2
img3842,Nxf6
img3843,Ke1
img3844,Ke1
img3845,Bc2
img3846,Qc5
img3847,Kg6
img3848,Kxe1
img3849,Ng4
img3850,Ke8
img3851,Qxf5
img3852,Rxc2
img3853,xb5
img3854,Qg4
img3855,Rxc1
img3856,a4
img3857,Kxg8
img3858,Qg8
img3859,Ne4+
img3860,xc4
img3861,Rh8
img3862,Bxd3
img3863,Ra7+
img3864,Be1
img3865,Kxg4
img3866,Nc5
img3867,Nd4
img3868,Nd7
img3869,Rb8
img3870,a3
img3871,Nf4
img3872,Qb2
img3873,e5
img3874,Nf5
img3875,Nf3
img3876,Bf6
img3877,Kxf1
img3878,f6
img3879,Kc7
img3880,Rxf6
img3881,Qd1
img3882,Qe5+
img3883,Nf6
img3884,Rd2+
img3885,Kh1
img3886,Qe2+
img3887,Nd3
img3888,Bxg4
img3889,Qxb3
img3890,Rxd7
img3891,Rg4
img3892,xe3
img3893,Nf3
img3894,xg4
img3895,Rh6
img3896,Rg1
img3897,Rd8+
img3898,Na3
img3899,xg5
img3900,Re2
img3901,Ne6
img3902,Kf8
img3903,Rd1
img3904,a5
img3905,f4
img3906,Nc5
img3907,Nb1
img3908,Kc8
img3909,Rd8
img3910,Nf5
img3911,Nxa2
img3912,Rae8
img3913,Kf6
img3914,Ke6
img3915,Rd5
img3916,Rd3
img3917,Nd6+
img3918,d4
img3919,Ne3
img3920,Ke5
img3921,xe3
img3922,Rb8+
img3923,Rc8
img3924,Bd2
img3925,f6
img3926,Kg3
img3927,xb4
img3928,Qg1
img3929,b4
img3930,Qb8
img3931,Bd3
img3932,Nxf2+
img3933,Na3
img3934,Bb4
img3935,Ke7
img3936,Re1
img3937,Rf1
img3938,Rf8
img3939,Bxe6
img3940,Bg5
img3941,Kh7
img3942,a6
img3943,Qxg5
img3944,Rg2
img3945,Kg4
img3946,Rf8
img3947,Rg8
img3948,Qxb7
img3949,Nxd4
img3950,f6
img3951,Kd3
img3952,Rd1
img3953,Kg2
img3954,Rxd8
img3955,Kf1
img3956,Nxg7
img3957,xd5
img3958,Bxf4
img3959,Nxe5
img3960,Kf7
img3961,Rxh4
img3962,Qa1
img3963,Ra2+
img3964,h4
img3965,Nf3
img3966,Bxd6
img3967,Kh4
img3968,Kg3
img3969,Kf2
img3970,h5
img3971,Nxe8
img3972,Kh2
img3973,Rxd1
img3974,Rd6
img3975,xg6
img3976,Ka5+
img3977,Ne5
img3978,Bg1
img3979,Kb6
img3980,Ke8
img3981,Qxg2
img3982,Ke6
img3983,Kc8
img3984,Ke4
img3985,Bh4
img3986,Ra4+
img3987,Rc7
img3988,Rd1
img3989,Bg7
img3990,e6
img3991,xd5
img3992,Rf4
img3993,g3
img3994,Rc8
img3995,Bb7
img3996,Rb2
img3997,Nxg4
img3998,a3
img3999,Bg7
img4000,g6
img4001,Kd8
img4002,Ke3
img4003,Rf1
img4004,Rd8
img4005,Bd7
img4006,Re8
img4007,Rf6
img4008,Be3
img4009,Bxf4
img4010,a6
img4011,Ra3
img4012,Ka1
img4013,Rd1
img4014,Nc4
img4015,Kg7
img4016,Bxc3
img4017,Kf6
img4018,Bb7
img4019,Rc7+
img4020,Kc5
img4021,Rc6
img4022,Nb4
img4023,Re8
img4024,a1=Q
img4025,Rxe6
img4026,h5
img4027,Rd1
img4028,Be7
img4029,a4
img4030,Re8
img4031,a3
img4032,Bd3+
img4033,Kc7
img4034,e6
img4035,Qf3
img4036,Qxd7
img4037,Re1
img4038,Rd1
img4039,Ra1
img4040,Nh2
img4041,Rxe3
img4042,Ng4
img4043,xe4
img4044,Kb7
img4045,a2
img4046,Bxa6
img4047,Qa7
img4048,Re1
img4049,O-O
img4050,Qxd5
img4051,Ke8
img4052,Ke4
img4053,Bxe2
img4054,Nxg5
img4055,Nc3
img4056,Rc1
img4057,h5
img4058,Kxe4
img4059,Kb2
img4060,Bc2
img4061,Kxb7
img4062,Bxg2
img4063,f6
img4064,Rd8
img4065,Kb4
img4066,Ne2
img4067,Qc1+
img4068,Bb7
img4069,Kh2
img4070,h6
img4071,Rd1
img4072,Rb5
img4073,Nd6
img4074,Kg6
img4075,Rab8
img4076,Rxd7
img4077,Nd2
img4078,Kd1
img4079,Bxd7
img4080,h5
img4081,Nf5
img4082,Kg7
img4083,Qg3
img4084,Ke1
img4085,Qc4
img4086,Ng3
img4087,Qb1
img4088,Bg7
img4089,Be7
img4090,Kb8
img4091,Nd2
img4092,Qa2
img4093,Qe8
img4094,h5
img4095,Rh4
img4096,Kd3
img4097,Rc8
img4098,Ke5
img4099,Rd2
img4100,Rh1+
img4101,Rc1
img4102,Kb6
img4103,Rd1
img4104,Kb8
img4105,Rc8
img4106,Rd3
img4107,Kf6
img4108,Kd1
img4109,Rb1
img4110,Nd2
img4111,Qd2+
img4112,Bxg4
img4113,f6
img4114,Qxe5
img4115,Bc8
img4116,xb4
img4117,Re3
img4118,Kf2
img4119,Nh3+
img4120,Rc7
img4121,d2
img4122,Kf3
img4123,Qxe5
img4124,Kg6
img4125,Nd7
img4126,Rae1
img4127,xb3
img4128,Rxg3
img4129,f3
img4130,Kg7
img4131,g6
img4132,Re6
img4133,Qxd4
img4134,Nh6
img4135,Qd2
img4136,Qxf4
img4137,Qxf6
img4138,f6
img4139,xc4
img4140,b4
img4141,e5
img4142,Qxd5
img4143,Kf5
img4144,Na4
img4145,Rf2
img4146,Ne5
img4147,Kc5
img4148,Rxc1+
img4149,Bxb5
img4150,Qxd6
img4151,Ng5
img4152,Nb1
img4153,Rxg3
img4154,c6
img4155,Qg1+
img4156,c5
img4157,h6
img4158,Rg3
img4159,Re2
img4160,Nxd5
img4161,Nxf3+
img4162,Qe6
img4163,Rxe6
img4164,Qc7
img4165,Qc2
img4166,Bxd4
img4167,Qg3
img4168,xa4
img4169,Qd7
img4170,Rc1
img4171,Rc8
img4172,xf3
img4173,Ra2
img4174,Rxf4
img4175,b4
img4176,h4
img4177,Qc8+
img4178,Re8
img4179,Kg3
img4180,Rxe1+
img4181,Qe3
img4182,Kh1
img4183,b5
img4184,Qe3
img4185,Ke6
img4186,Rxd7
img4187,Re1
img4188,Rd1
img4189,Nd4
img4190,Qxf2
img4191,Nf6
img4192,Kxd3
img4193,Rxc5
img4194,Ne5
img4195,Qc7
img4196,O-O
img4197,Nd1
img4198,Qf5
img4199,Be7
img4200,Rac1
img4201,Rf1
img4202,Qd5
img4203,Bxc1
img4204,Qc5
img4205,Ke2
img4206,Bf2
img4207,Rf2
img4208,Kg8
img4209,Ke7
img4210,Kf8
img4211,Ba6
img4212,Bxg3
img4213,Ke6
img4214,Be1
img4215,Bxe4
img4216,Rxg3
img4217,Ke8
img4218,Nf4+
img4219,Qxg6+
img4220,Ne4+
img4221,Kf4
img4222,Ke3
img4223,Nd3
img4224,g5
img4225,Nd4
img4226,Nxe2+
img4227,Rxf7
img4228,Nf6
img4229,h4
img4230,Qc7
img4231,b3
img4232,e4
img4233,Re1
img4234,Rf1
img4235,Ne1
img4236,Kh2
img4237,Nxa7
img4238,Qxe5
img4239,Kh3
img4240,Rg4
img4241,Rb6
img4242,Kg8
img4243,Bxh6
img4244,Nh7
img4245,Ng4
img4246,Bg5
img4247,Ra2+
img4248,Qe8
img4249,Ka1
img4250,Kf2
img4251,Rf8+
img4252,h4
img4253,Qa8
img4254,Rxd5
img4255,Ka3
img4256,Qa6
img4257,Qxd7
img4258,Kg1
img4259,Kxh5
img4260,Ke7
img4261,Ke6
img4262,Nxe3
img4263,Kb2
img4264,Nxc6
img4265,Kg1
img4266,Rd6
img4267,Qxg3
img4268,Ne4
img4269,Ke2
img4270,Re1
img4271,Ra8+
img4272,Bc4
img4273,f3
img4274,g4
img4275,Rf5+
img4276,Qd3
img4277,Na4
img4278,Kxc1
img4279,O-O
img4280,h3
img4281,Rf1
img4282,Kg7
img4283,Be7
img4284,Be2
img4285,Bxe5
img4286,Rxe4
img4287,d6
img4288,Rxg6
img4289,Re8
img4290,g5
img4291,Qxe7
img4292,Be6
img4293,Rb2+
img4294,Bxf3
img4295,Kc1
img4296,Re1
img4297,Ke4
img4298,Rb1
img4299,Kb8
img4300,Rc6
img4301,g2
img4302,Kd3
img4303,Rc1
img4304,b5
img4305,Nxg5
img4306,Nh7
img4307,Nc4
img4308,Nd1
img4309,Rf1
img4310,h6
img4311,Kf3
img4312,Nc5
img4313,Re8
img4314,Kf1
img4315,Qd2
img4316,Qd8
img4317,Qxa7
img4318,Be7
img4319,Rg8
img4320,Ka6
img4321,Nxh5
img4322,c3
img4323,Kd2
img4324,Ke6
img4325,Rh5+
img4326,Nf3
img4327,Rd1
img4328,Ke6
img4329,c3
img4330,Kh2
img4331,Rg8
img4332,c4
img4333,Rf2
img4334,Rd2
img4335,Bxh3
img4336,Kc8
img4337,Nxe7
img4338,d3
img4339,Qxc5
img4340,b5
img4341,Qe3
img4342,Ne1
img4343,Be2
img4344,f5
img4345,a7
img4346,c3
img4347,Kxd3
img4348,Ra8
img4349,Bb2
img4350,e5
img4351,Ne4
img4352,Qb6
img4353,xf3
img4354,Nxe5
img4355,xe4
img4356,c3
img4357,f6
img4358,Kb5
img4359,Rxe8
img4360,Rxc8
img4361,Nh7
img4362,f6
img4363,Kf3
img4364,xd5
img4365,Rxe6
img4366,Kh2
img4367,h4
img4368,Kg1
img4369,Kc3
img4370,Bg4
img4371,Nc6
img4372,g4
img4373,Ba5
img4374,b4
img4375,Rab1
img4376,Rc2
img4377,f4
img4378,xc3
img4379,Qa4
img4380,f4
img4381,Kb3
img4382,f6
img4383,Bg5
img4384,Bxe5
img4385,Rf5
img4386,Rd8
img4387,Qxh2
img4388,Re8
img4389,Nxe5
img4390,Rf8
img4391,Kg4
img4392,Rh2
img4393,Qg5
img4394,Rb4
img4395,h5
img4396,Nxg2+
img4397,Qxc6+
img4398,Ng4
img4399,Ke7
img4400,Qd4
img4401,Re2
img4402,Qd3
img4403,O-O
img4404,Qd2
img4405,d4
img4406,Qxa6
img4407,xe3
img4408,Qb4
img4409,a6
img4410,Re1
img4411,Qd2
img4412,Kh1
img4413,Bb4
img4414,Kg4
img4415,xe6
img4416,xg5
img4417,Be5
img4418,Qe7
img4419,Bf4
img4420,c5
img4421,e3
img4422,O-O
img4423,Kg8
img4424,xf6
img4425,Kf4
img4426,xd5
img4427,Kf1
img4428,Qg5
img4429,Ne4
img4430,xd5
img4431,Qd7
img4432,Qd5
img4433,Nxc1
img4434,Kg3
img4435,Ne3
img4436,Kf1
img4437,Kg6
img4438,Be6
img4439,Kh7
img4440,Rc5
img4441,Nd4
img4442,Kg1
img4443,Bxe4
img4444,Ne4
img4445,Ng5
img4446,Kg2
img4447,h4
img4448,Ke3
img4449,Nd2
img4450,Rf7
img4451,Ke8
img4452,Rxb6
img4453,Ra2+
img4454,a3
img4455,xc3
img4456,xe4
img4457,Rxc6+
img4458,Nd7
img4459,Qa5
img4460,Rc2
img4461,a3
img4462,Nf3+
img4463,Rc1+
img4464,Qd5+
img4465,Re1+
img4466,Ka2
img4467,Kf1
img4468,f4
img4469,xe4
img4470,Rf7
img4471,Rd6
img4472,d5
img4473,Kh6
img4474,Kh2
img4475,Rg6
img4476,Kg6
img4477,Rh8
img4478,Qc7
img4479,xc6
img4480,Kg7
img4481,Kf4
img4482,xc4
img4483,xf3
img4484,Rxd4
img4485,Na4
img4486,xb7
